{
    "feature_cols": [
        "altitude_m",
        "pluviometrie_mm",
        "temperature_moy_C",
        "superficie_ha",
        "utilisation_engrais",
        "acces_irrigation",
        "saison_B",
        "province_Bubanza",
        "province_Bururi",
        "province_Cankuzo",
        "province_Cibitoke",
        "province_Gitega",
        "province_Kayanza",
        "province_Kirundo",
        "province_Makamba",
        "province_Muramvya",
        "province_Muyinga",
        "province_Mwaro",
        "province_Ngozi",
        "province_Rutana",
        "province_Ruyigi",
        "culture_Maïs",
        "culture_Haricot",
        "culture_Manioc",
        "culture_Patate douce",
        "culture_Sorgho"
    ],
    "num_cols": [
        "altitude_m",
        "pluviometrie_mm",
        "temperature_moy_C",
        "superficie_ha",
        "utilisation_engrais",
        "acces_irrigation"
    ],
    "metrics": {
        "decision_tree": {
            "accuracy": 0.8987341772151899,
            "precision": 0.9488054607508533,
            "recall": 0.9423728813559322,
            "f1": 0.9455782312925171,
            "auc": 0.7632768361581921,
            "confusion_matrix": [
                [
                    6,
                    15
                ],
                [
                    17,
                    278
                ]
            ],
            "fpr": [
                0.0,
                0.047619047619047616,
                0.2857142857142857,
                0.6190476190476191,
                0.7142857142857143,
                0.7142857142857143,
                0.9523809523809523,
                1.0
            ],
            "tpr": [
                0.0,
                0.39661016949152544,
                0.6474576271186441,
                0.9288135593220339,
                0.9389830508474576,
                0.9423728813559322,
                0.9932203389830508,
                1.0
            ]
        },
        "random_forest": {
            "accuracy": 0.930379746835443,
            "precision": 0.9361022364217252,
            "recall": 0.9932203389830508,
            "f1": 0.9638157894736842,
            "auc": 0.7047619047619047,
            "confusion_matrix": [
                [
                    1,
                    20
                ],
                [
                    2,
                    293
                ]
            ],
            "fpr": [
                0.0,
                0.09523809523809523,
                0.19047619047619047,
                0.3333333333333333,
                0.3333333333333333,
                0.3333333333333333,
                0.3333333333333333,
                0.38095238095238093,
                0.38095238095238093,
                0.42857142857142855,
                0.42857142857142855,
                0.47619047619047616,
                0.5238095238095238,
                0.5238095238095238,
                0.5714285714285714,
                0.5714285714285714,
                0.5714285714285714,
                0.5714285714285714,
                0.5714285714285714,
                0.6190476190476191,
                0.6190476190476191,
                0.6190476190476191,
                0.6666666666666666,
                0.6666666666666666,
                0.6666666666666666,
                0.7142857142857143,
                0.7142857142857143,
                0.8571428571428571,
                0.8571428571428571,
                0.8571428571428571,
                0.8571428571428571,
                0.8571428571428571,
                0.8571428571428571,
                0.9523809523809523,
                0.9523809523809523,
                1.0
            ],
            "tpr": [
                0.0,
                0.2542372881355932,
                0.37966101694915255,
                0.46440677966101696,
                0.5457627118644067,
                0.6135593220338983,
                0.6813559322033899,
                0.7254237288135593,
                0.7627118644067796,
                0.7830508474576271,
                0.8169491525423729,
                0.8338983050847457,
                0.8440677966101695,
                0.8610169491525423,
                0.8677966101694915,
                0.8745762711864407,
                0.888135593220339,
                0.8949152542372881,
                0.9084745762711864,
                0.911864406779661,
                0.9186440677966101,
                0.9220338983050848,
                0.9322033898305084,
                0.9389830508474576,
                0.9457627118644067,
                0.9457627118644067,
                0.9593220338983051,
                0.9593220338983051,
                0.9627118644067797,
                0.9694915254237289,
                0.9728813559322034,
                0.9796610169491525,
                0.9898305084745763,
                0.9898305084745763,
                1.0,
                1.0
            ],
            "cv_mean_accuracy": 0.9341269841269841,
            "cv_std_accuracy": 0.005382801573908923
        },
        "logistic_regression": {
            "accuracy": 0.930379746835443,
            "precision": 0.9389067524115756,
            "recall": 0.9898305084745763,
            "f1": 0.9636963696369637,
            "auc": 0.8434221146085554,
            "confusion_matrix": [
                [
                    2,
                    19
                ],
                [
                    3,
                    292
                ]
            ],
            "fpr": [
                0.0,
                0.0,
                0.0,
                0.047619047619047616,
                0.047619047619047616,
                0.09523809523809523,
                0.09523809523809523,
                0.14285714285714285,
                0.14285714285714285,
                0.19047619047619047,
                0.19047619047619047,
                0.23809523809523808,
                0.23809523809523808,
                0.2857142857142857,
                0.2857142857142857,
                0.3333333333333333,
                0.3333333333333333,
                0.38095238095238093,
                0.38095238095238093,
                0.42857142857142855,
                0.42857142857142855,
                0.47619047619047616,
                0.47619047619047616,
                0.5238095238095238,
                0.5238095238095238,
                0.5714285714285714,
                0.5714285714285714,
                0.6190476190476191,
                0.6190476190476191,
                0.7142857142857143,
                0.7142857142857143,
                0.7619047619047619,
                0.7619047619047619,
                0.8571428571428571,
                0.8571428571428571,
                0.9047619047619048,
                0.9047619047619048,
                1.0
            ],